--IS610--JBVB TBA Team--Jing Bai, Vikas Bansal--Project part4
--Insert in tables

INSERT INTO Store VALUES (1234567890, '32 Russett Green', 'Laurel', 'MD', 20724);
INSERT INTO Store VALUES (1234567891, '21 North Ridge Road', 'Ellicott City', 'MD', 21043);
INSERT INTO Store VALUES (1234567892, '4 Dobbin Road', 'Columbia', 'MD', 21045);
INSERT INTO Store VALUES (1234567893, '10 Baltimore National Pike', 'Catonsville', 'MD', 21228);
INSERT INTO Store VALUES (1234567894, '712 Highway', 'Bowie', 'MD', 20716);
INSERT INTO Store VALUES (1234567895, '300 Arundel Mills Circle', 'Hanover', 'MD', 21076);


INSERT INTO ProductCategory VALUES (1231231230, 'Crest Toothpaste');
INSERT INTO ProductCategory VALUES (1231231231, 'Pampers Diapers');            
INSERT INTO ProductCategory VALUES (1231231232, 'Olay Body Wash');
INSERT INTO ProductCategory VALUES (1231231233, 'CoverGirl Product');
INSERT INTO ProductCategory VALUES (1231231234, 'Head and Shoulders Shampoo');
INSERT INTO ProductCategory VALUES (1231231235, 'Colgate Toothpaste');

INSERT INTO User1 VALUES 
	(3213213210,1234123400,'Apple0','Orange0','MARTIN','A','JIM',
	'1000 Hilltop Road Apt.1','Baltimore','MD',21250,
	'thanks0@gmail.com',4431234560,'01-OCT-1990',20,1050.50);
INSERT INTO User1 VALUES 
	(3213213211,1234123401,'Apple1','Orange1','MARTIN','B','MARK',
	'1000 Hilltop Road Apt.2','Baltimore','MD',21250,   
	'thanks1@gmail.com',4431234561,'10-OCT-1990',20,200.00);
INSERT INTO User1 VALUES 
	(3213213212,1234123402,'Apple2','Orange2','MARTIN','A','JOHN',
	'1000 Hilltop Road Apt.3','Baltimore','MD',21250,
	'thanks2@gmail.com',4431234562,'01-OCT-1988',20,50.20);
INSERT INTO User1 VALUES
	(3213213213,1234123403,'Apple3','Orange3','HAPPY','A','JIM',
	'1000 Hilltop Road Apt.4','Baltimore','MD',21250,
	'thanks3@gmail.com',4431234563,'01-OCT-1991',20,2000.40);
INSERT INTO User1 VALUES 
	(3213213214,1234123404,'Apple4','Orange4','HAPPY','M','LILY',   
	'1000 Hilltop Road Apt.5','Baltimore','MD',21250,
	'thanks4@gmail.com',4431234564,'01-JAN-1990',20,1000.88);
INSERT INTO User1 VALUES 
	(3213213215,1234123405,'Apple5','Orange5','WHITE','H','TOM',
	'20 Hign Hill','Catonsville','MD',21228,
	'thanks5@gmail.com',4431234565,'20-MAY-1970',20,80.22);
INSERT INTO User1 VALUES 
	(3213213216,1234123406,'Apple6','Orange6','CLARK','D','ROSE',
	'801 Felling Road','Columbia','MD',21044,
	'thanks6@gmail.com',4431234566,'09-aug-1981',20,1100.50);
INSERT INTO User1 VALUES 
	(3213213217,1234123407,'Apple7','Orange7','SMITH','M','DAVID',
	'810 Felling Road','Columbia','MD',21044,
	'thanks7@gmail.com',4431234567,'23-MAR-1986',20,0.00);
INSERT INTO User1 VALUES 
	(3213213218,1234123408,'Apple8','Orange8','JOHNSON','R','HILL',
	'25 Sunny Road','Laurel','MD',20724,
	'thanks8@gmail.com',4431234568,'11-NOV-1979',20,980.50);
INSERT INTO User1 VALUES 	
	(3213213219,1234123409,'Apple9','Orange9','TAYLOR','A','JIM',
	'88 Sunny Road','Laurel','MD',20724,
	'thanks9@gmail.com',4431234569,'12-OCT-1989',20,2560.20);
INSERT INTO User1 VALUES 
	(3213213220,1234123410,'Apple10','Orange10','TAYLOR','R','SUMMER',  
	'20 Hign Hill','Catonsville','MD',21228,
	'thanks10@gmail.com',4431234570,'17-OCT-1969',20,120.00);
INSERT INTO User1 VALUES 
	(3213213230,1234123411,'Apple11','Orange11','WHITE','K','ALICE',
	'200 York Road','Towson','MD',21204,
	'thanks11@gmail.com',4431234580,'30-SEP-1992',20,1021.00);

INSERT INTO Product VALUES 
	(1234512340,'White Toothpaste','Crest','4.20',1231231230,'OZ','2.50');
INSERT INTO Product VALUES
	(1234512341,'White Toothpaste','Crest','6.80',1231231230,'OZ','3.55');
INSERT INTO Product VALUES
	(1234512342,'Fresh Toothpaste','Crest','4.20',1231231230,'OZ','2.85');
INSERT INTO Product VALUES 
	(1234512343,'White Toothpaste','Colgate','4.20',1231231235,'OZ','3.50');   
INSERT INTO Product VALUES
	(1234512344,'White Toothpaste','Colgate','6.80',1231231235,'OZ','4.88');
INSERT INTO Product VALUES
	(1234512345,'Fresh Toothpaste','Colgate','4.20',1231231235,'OZ','3.85');

INSERT INTO Offer VALUES 
	(1234512340,1234567892,'30-DEC-2012');
INSERT INTO Offer VALUES 
	(1234512340,1234567893,'30-DEC-2012');
INSERT INTO Offer VALUES 
	(1234512342,1234567892,'30-DEC-2012');
INSERT INTO Offer VALUES 
	(1234512345,1234567892,'30-DEC-2012');
INSERT INTO Offer VALUES 
	(1234512341,1234567892,'30-DEC-2012');
INSERT INTO Offer VALUES 
	(1234512341,1234567893,'30-DEC-2012');

INSERT INTO Coupon VALUES 
	(5432154320,1,'30-DEC-2012','05-JAN-2013');
INSERT INTO Coupon VALUES 
	(5432154321,1,'30-DEC-2012','05-JAN-2013');
INSERT INTO Coupon VALUES 
	(5432154322,2,'30-DEC-2012','05-JAN-2013');
INSERT INTO Coupon VALUES 
	(5432154323,2,'30-DEC-2012','05-JAN-2013');
INSERT INTO Coupon VALUES 
	(5432154324,1,'30-DEC-2012','05-JAN-2013');    
INSERT INTO Coupon VALUES 
	(5432154325,1,'30-DEC-2012','05-JAN-2013');
INSERT INTO Coupon VALUES 
	(5432154326,2,'06-JAN-2013','12-JAN-2013');
INSERT INTO Coupon VALUES 
	(5432154327,2,'06-JAN-2013','12-JAN-2013');
INSERT INTO Coupon VALUES 
	(5432154328,1,'06-JAN-2013','12-JAN-2013');
INSERT INTO Coupon VALUES 
	(5432154329,2,'06-JAN-2013','12-JAN-2013');
INSERT INTO Coupon VALUES 
	(5432154330,1,'06-JAN-2013','12-JAN-2013');    
INSERT INTO Coupon VALUES 
	(5432154331,1,'06-JAN-2013','12-JAN-2013');
	
INSERT INTO PercentDiscountCoupon VALUES
	(5432154320,0.1);
INSERT INTO PercentDiscountCoupon VALUES
	(5432154321,0.2);
INSERT INTO PercentDiscountCoupon VALUES
	(5432154324,0.1);
INSERT INTO PercentDiscountCoupon VALUES
	(5432154326,0.2);
INSERT INTO PercentDiscountCoupon VALUES
	(5432154327,0.5);
INSERT INTO PercentDiscountCoupon VALUES
	(5432154330,0.5);
	
INSERT INTO DollarDiscountCoupon VALUES
	(5432154322,0.50);
INSERT INTO DollarDiscountCoupon VALUES
	(5432154323,1.25);
INSERT INTO DollarDiscountCoupon VALUES
	(5432154325,0.75);
INSERT INTO DollarDiscountCoupon VALUES
	(5432154328,0.50);
INSERT INTO DollarDiscountCoupon VALUES
	(5432154329,1.25);
INSERT INTO DollarDiscountCoupon VALUES
	(5432154331,0.75);

INSERT INTO Validate1 VALUES 
	(1234500001,5432154320,1234567892,'29-DEC-2012');
INSERT INTO Validate1 VALUES 
	(1234500002,5432154321,1234567892,'29-DEC-2012');
INSERT INTO Validate1 VALUES 
	(1234500003,5432154320,1234567893,'29-DEC-2012');
INSERT INTO Validate1 VALUES 
	(1234500004,5432154322,1234567893,'29-DEC-2012');
INSERT INTO Validate1 VALUES 
	(1234500005,5432154325,1234567893,'29-DEC-2012');
INSERT INTO Validate1 VALUES 
	(1234500006,5432154322,1234567892,'29-DEC-2012');

INSERT INTO Load VALUES 
	(1234567800,5432154320,3213213210,'14-NOV-2012');
INSERT INTO Load VALUES 
	(1234567801,5432154321,3213213230,'14-NOV-2012');
INSERT INTO Load VALUES 
	(1234567802,5432154322,3213213218,'14-NOV-2012');
INSERT INTO Load VALUES 
	(1234567803,5432154326,3213213218,'20-NOV-2012');
INSERT INTO Load VALUES 
	(1234567804,5432154330,3213213215,'20-NOV-2012');
INSERT INTO Load VALUES 
	(1234567805,5432154325,3213213216,'20-NOV-2012');

INSERT INTO GoldenUser VALUES
	(3213213210,0.8);
INSERT INTO GoldenUser VALUES
	(3213213213,0.8);
INSERT INTO GoldenUser VALUES
	(3213213214,0.8);
INSERT INTO GoldenUser VALUES
	(3213213216,0.8);
INSERT INTO GoldenUser VALUES
	(3213213219,0.8);
INSERT INTO GoldenUser VALUES
	(3213213230,0.8);



